{
    "background": {
        "shape": 2.393594680979526,
        "scale": 0.016815429825081118
    },
    "NFL": {
        "shape": 7.731867662045753,
        "scale": 0.06061892167015831
    },
    "GCL": {
        "shape": 5.2121636460649405,
        "scale": 0.042993032834366715
    },
    "IPL": {
        "shape": 7.121660437829536,
        "scale": 0.03740335389014793
    },
    "INL": {
        "shape": 4.093832852664748,
        "scale": 0.04205113004381903
    },
    "OPL": {
        "shape": 5.065945225569045,
        "scale": 0.038704743969279025
    },
    "ONL": {
        "shape": 3.994896636924504,
        "scale": 0.03299019507071824
    },
    "ELM": {
        "shape": 2.451455683493498,
        "scale": 0.21619868935539305
    },
    "OPR": {
        "shape": 4.007332686321984,
        "scale": 0.1354819358563639
    },
    "RPE": {
        "shape": 5.529062174073638,
        "scale": 0.08972368860081875
    }
}